Business_ID,Name,Address,Coordinates,Num_of_Reviews,Rating,Zip_Code
hdiuRS9sVZSMReZm4oV5SA,Da Andrea,35 W 13th St,"{'latitude': 40.736218, 'longitude': -73.99597}",1820,4.5,10011
16ZnHpuaaBt92XWeJHCC5A,Olio e Più,3 Greenwich Ave,"{'latitude': 40.733798036104304, 'longitude': -73.99977392649927}",4030,4.5,10014
OWNmOq-TAsHjGcYdCVclSw,Osteria La Baia,129 W 52nd St,"{'latitude': 40.76189587672743, 'longitude': -73.9806749}",68,4.5,10019
DoSU8IPq-Py_YV3kYmXPfQ,Trattoria Trecolori,254 West 47th St,"{'latitude': 40.759876, 'longitude': -73.986767}",2606,4.0,10036
rp8S7scxOkVVeG7dNneMGQ,L'Artusi,228 W 10th St,"{'latitude': 40.73372, 'longitude': -74.00513}",2236,4.5,10014
VmdyRRMtUXOWV7F7w0ImwQ,Piccola Cucina Uptown,106 E 60th St,"{'latitude': 40.763174, 'longitude': -73.969046}",283,4.5,10022
vjubSxmdG_HoBBgd39geBw,Nino's 46,39 W 46th St,"{'latitude': 40.7569046125342, 'longitude': -73.980516}",1353,4.0,10036
WG639VkTjmK5dzydd1BBJA,Rubirosa,235 Mulberry St,"{'latitude': 40.722766, 'longitude': -73.996233}",2912,4.5,10012
BPo5XByMdNiXK_i--gqiRA,Duomo51,25 W 51st St,"{'latitude': 40.759979, 'longitude': -73.97824}",13,4.5,10019
OAqsZMbjv66nOMqlimnYuQ,Uva,1486 2nd Ave,"{'latitude': 40.77219299003591, 'longitude': -73.95561517222123}",2702,4.0,10075
JLpEKUYAtzBRQwsUL3RPIA,Il Corso,54 W 55th St,"{'latitude': 40.762441, 'longitude': -73.977206}",422,4.5,10019
22nKUyCIbpnzR6R3_g1ptQ,Carmine's Italian Restaurant - Times Square,200 W 44th St,"{'latitude': 40.75749848725768, 'longitude': -73.98665333142026}",4411,4.0,10036
V3USzFEGhuoXez4G2Rk11A,Tavola,488 9th Ave,"{'latitude': 40.755403, 'longitude': -73.994516}",1235,4.0,10018
AUifp6IDKzmorCM6vY2fug,Pepe Giallo,195 10th Ave,"{'latitude': 40.7468940064083, 'longitude': -74.0049896784992}",760,4.0,10011
raqwXUBlnc0e8c7CYmxEJQ,Scarpetta,88 Madison Ave,"{'latitude': 40.744509, 'longitude': -73.9856}",2218,4.0,10016
5TX0X8w5ssIACU_pnBEq6g,Tony's Di Napoli,147 W 43rd St,"{'latitude': 40.75641, 'longitude': -73.98547}",2484,4.0,10036
h37t9rA06Sr4EetJjKrfzw,Don Angie,103 Greenwich Ave,"{'latitude': 40.73778, 'longitude': -74.00197}",655,4.5,10014
qBGKigOGn_flCx1apxPzlA,Piccola Cucina Osteria,196 Spring St,"{'latitude': 40.72506, 'longitude': -74.00322}",758,4.5,10012
TqNd-LKHuoYo1_mYwqiBFQ,Nonna Dora’s,606 2nd Ave,"{'latitude': 40.74440176159688, 'longitude': -73.97634764480043}",64,4.5,10016
OCTiJwvjoK81WoDwsTkFvA,Paesano of Mulberry Street,136 Mulberry St,"{'latitude': 40.718554, 'longitude': -73.997447}",1336,4.0,10013
LkV96_buOU_n0br4SBO57w,Ci Siamo,440 West 33rd St,"{'latitude': 40.75240549384363, 'longitude': -73.9982864846782}",245,4.5,10001
LXdblKc5g1Dp17xiV-Am1w,Trattoria Dell'Arte,900 7th Ave,"{'latitude': 40.76545990643915, 'longitude': -73.98053136970677}",1158,4.0,10019
dIyKvfhjtm3NuKrMVVt0TA,Lucciola Italian Restaurant,621 Amsterdam Ave,"{'latitude': 40.790362, 'longitude': -73.972629}",78,4.5,10024
MOwB9YYd-Ko6nVgSB-ltQw,Briciola,370 W 51st St,"{'latitude': 40.7637997047278, 'longitude': -73.9880919456482}",982,4.0,10019
HpxYBu1ARzOGvuUcLJe54g,Giardino 54,400 1/2 W 54th St,"{'latitude': 40.7660476, 'longitude': -73.987591}",195,4.5,10019
26emJlm1YMFyOCezfgVk4g,Da Raffaele,883 First Ave,"{'latitude': 40.7535386913133, 'longitude': -73.9666010811925}",218,4.5,10022
yB4ziqFM_7V8JxJas7CHfA,Ulivo,4 W 28th St,"{'latitude': 40.7447371960713, 'longitude': -73.9880339428782}",365,4.0,10001
8oO6j7AlnAbMSJs9Oj9GIw,Osteria Delbianco,22 East 49th St,"{'latitude': 40.7573689002, 'longitude': -73.9764462233}",171,4.5,10017
Q1_UvNyONsaVS_VC1mD9Dw,Osteria Cotta,513 Columbus Ave,"{'latitude': 40.78554, 'longitude': -73.97263}",1032,4.0,10024
Vs8kQ4R381y27AH018gLpg,Supper,156 E 2nd St,"{'latitude': 40.72290786539601, 'longitude': -73.98520720537888}",1460,4.0,10009
HiNUBUR1hFwScd_OvVLQAg,La Pecora Bianca,1133 Broadway,"{'latitude': 40.74358, 'longitude': -73.9892}",1000,4.0,10010
Ve6GVzzJpR5QIIPdcn6ViQ,Mercato,352 W 39th St,"{'latitude': 40.75619, 'longitude': -73.9937}",1027,4.0,10018
q3_FgDWWuXcVGiNuo_OPBQ,Fiaschetteria Pistoia,647 E 11th St,"{'latitude': 40.72666, 'longitude': -73.9773}",246,4.0,10009
GjEE8vvjqb7eeHA3BGNxAw,Barolo East,214 E 49th St,"{'latitude': 40.75481, 'longitude': -73.97059}",247,4.5,10017
dc3hkLkAqCSxDWQzrx-g9A,Quality Italian,57 W 57th St,"{'latitude': 40.7644044527436, 'longitude': -73.9767805051616}",1331,4.0,10019
z7H9ApIGopnDnQaglnPTzg,Allora Ristorante,145 E 47th St,"{'latitude': 40.75433, 'longitude': -73.97277}",753,4.5,10017
Zp-K3ztVTzR-LrWwl_CBgA,La Pecora Bianca,20 W 40th St,"{'latitude': 40.7525275894982, 'longitude': -73.9829860255122}",181,4.0,10018
mTWlEiCUEBlxBAkIikkB1A,Carmine's Italian Restaurant - Upper West Side,2450 Broadway,"{'latitude': 40.791077, 'longitude': -73.973763}",1692,4.0,10024
zRXMvxUX_rOliKZPpkWi_g,Valerie,45 W 45th St between 5th & 6th Ave,"{'latitude': 40.756326, 'longitude': -73.981117}",600,4.5,10036
IErfGS0DASSJfYU73m0Sqg,Malatesta Trattoria,649 Washington St,"{'latitude': 40.73285, 'longitude': -74.00847}",1339,4.0,10014
5F9kZPnAleDYqCeCyvGJPA,Bad Roman,10 Columbus Cir,"{'latitude': 40.768494, 'longitude': -73.983072}",7,4.5,10019
pk89jzL1RsE9U0thf_z6tw,Locanda Verde,377 Greenwich St,"{'latitude': 40.7198601300801, 'longitude': -74.010039072422}",1815,4.0,10013
SCQ9B9jxqNHvJKQ-RagxaA,SPES,413 E 12th St,"{'latitude': 40.72979, 'longitude': -73.98274}",29,4.5,10009
jDIVPYpxQAk1HUAi0NIlQw,Pazza Notte,1375 Avenue Of The Americas,"{'latitude': 40.76348, 'longitude': -73.978091}",997,4.0,10019
IAbOg5Kd5AynOcbI8vGTwQ,Aperitivo,14 E 60th St,"{'latitude': 40.76431314475945, 'longitude': -73.9717568}",52,4.5,10022
7_hGsGEkHrjgAiYVjrCFnw,Carbone,181 Thompson St,"{'latitude': 40.728, 'longitude': -74.0001497}",1553,4.0,10012
k5fd-RSdG4IuXnnGSQ5oOw,San Marzano Pasta Fresca,117 Second Ave,"{'latitude': 40.727966, 'longitude': -73.988382}",1491,4.0,10003
jnHbdsqlTKlPcmJ8BCP9-g,Via Carota,51 Grove St,"{'latitude': 40.733148231901204, 'longitude': -74.00366777251583}",837,4.0,10014
0axnkZlDiQcJVc06DDXxGQ,Ristorante Il Melograno,501 W 51st St,"{'latitude': 40.7654289685161, 'longitude': -73.9914178848267}",369,4.0,10019
KCBfW6sWl9Gx-LvMff08jg,Osteria Morini,218 Lafayette St,"{'latitude': 40.7219179851303, 'longitude': -73.9976472073402}",1272,4.0,10012
vVVmHacu2YAxKfpIjhfd1g,Norma,438 3rd Ave,"{'latitude': 40.743553, 'longitude': -73.980026}",594,4.5,10016
yQ7K4uFnxXxpBVbnOSR8kA,Polpette 71,71 West 71st St,"{'latitude': 40.77668, 'longitude': -73.97888}",232,4.0,10023
Z-QmxQZAJEy5GXqA82Bemw,Da Toscano,24 Minetta Ln,"{'latitude': 40.730508, 'longitude': -74.001238}",98,4.5,10012
RPP_wHhM8yZYIP5W-YHk6Q,Fumo,2791 Broadway,"{'latitude': 40.80285617298625, 'longitude': -73.968119}",209,4.0,10025
rFeNJtqgMWf2tWy-RB6jgg,Torrisi,275 Mulberry St,"{'latitude': 40.7246154, 'longitude': -73.9952614}",24,4.5,10012
3qIISjUYn1tbqHXi7nCLXg,Sofia Wine Bar,242 E 50th St,"{'latitude': 40.75502, 'longitude': -73.96913}",736,4.0,10022
TzVVPWK_4dhdSEpNqZwIhQ,Toscana 49,143 East 49 St,"{'latitude': 40.7556957079225, 'longitude': -73.9717184007168}",324,4.0,10017
TWH4MjLtN1fKlF-7n6YXHg,Lil Frankie's,19 1st Ave,"{'latitude': 40.723625, 'longitude': -73.988555}",1427,4.0,10003
zYaYXpmlo6QdnaPwuxWHhQ,L'Osteria,1219 Lexington Ave,"{'latitude': 40.77704, 'longitude': -73.95721}",21,4.5,10028
V-FCEicobl5Su-R7EVJQNA,La Lanterna Di Vittorio,129 MacDougal St,"{'latitude': 40.73069, 'longitude': -74.00015}",1632,4.0,10012
JwCnSW-RQ7_DxvbzWNO1hA,Coletta,365 3rd Ave,"{'latitude': 40.74094, 'longitude': -73.98139}",165,4.5,10016
hzPBADaUBQEL30MGrvKsww,Il Tinello Ristorante Italiano,16 W 56th St,"{'latitude': 40.76256, 'longitude': -73.97566}",319,4.5,10019
J0OeDwmh5JBhid0A5GvltA,Il Corallo Trattoria,176 Prince St,"{'latitude': 40.7262073, 'longitude': -74.0018919}",1113,4.0,10012
lwfCl81r5a0mjxDNxNGC9w,Il Buco,47 Bond St,"{'latitude': 40.72583, 'longitude': -73.99299}",778,4.0,10012
7cjT33LfYSk7vrRdEaSr4w,Angeletto Restaurant,890 2nd Ave,"{'latitude': 40.753188, 'longitude': -73.969365}",291,4.5,10017
32VbG_XgkZIuye0PV-BxaA,Zero Otto Nove,15 W 21st St,"{'latitude': 40.7407551035259, 'longitude': -73.9914887388588}",528,4.0,10010
yZJbealagfujEkgesAl2hA,Lupa,170 Thompson St,"{'latitude': 40.7276, 'longitude': -74.000045}",1711,4.0,10012
562aZEpTDdYKDe5hWuDyFA,La Gioconda,226 E 53rd St,"{'latitude': 40.75716, 'longitude': -73.96833}",193,4.0,10022
5EQOEAkH2Qh3Rv1TcnE7yA,Fiaschetteria Pistoia,114 Christopher St,"{'latitude': 40.73316, 'longitude': -74.00537}",115,4.0,10014
15k7iqFbhf4h8L01yggLqg,Song E Napule,146 W Houston St,"{'latitude': 40.72813, 'longitude': -74.00188}",671,4.5,10012
goqTQ4tOD-asC_ZJBW9l7w,Patsy's Italian Restaurant,236 W 56th St,"{'latitude': 40.76553, 'longitude': -73.98274}",1084,4.0,10019
H_KyiRhwho8rdlw_R93_0Q,Marea,240 Central Park S,"{'latitude': 40.7674213694566, 'longitude': -73.9810554368179}",2323,4.0,10019
z8TIY5xLeQptbXxZp3LpsA,Felice 56,15 W 56th St,"{'latitude': 40.762862, 'longitude': -73.975396}",87,4.5,10019
zg9Jrtx9rqTXeaqufSOxHQ,Masseria dei Vini,887 9th Ave,"{'latitude': 40.7684, 'longitude': -73.98558}",517,4.0,10019
K9Ur20N51Li3sAvaV9-6Ng,Casa Limone,20 East 49th St,"{'latitude': 40.7573268, 'longitude': -73.97666174194207}",84,4.5,10017
MphfKkYFEe0BDQ6hZ0A5fA,Gelso & Grand,186 Grand St,"{'latitude': 40.71958, 'longitude': -73.99734}",1366,4.5,10013
Rc1Ay4C2BgLBouuM92SAtQ,Ferdi,15 7th Ave S,"{'latitude': 40.72995, 'longitude': -74.00449}",22,4.5,10014
Sp-vnk-waTvKblG_88M4TA,Trapizzino,144 Orchard St,"{'latitude': 40.72043, 'longitude': -73.98894}",288,4.5,10002
fFIQ8Rx4x1Z34kFJcmlVzQ,Cacio E Pepe,1479 York Ave,"{'latitude': 40.77090864674996, 'longitude': -73.95098168604862}",60,4.5,10075
wzHyRI6iW0rIY8rMb3KClA,Felice,240 Columbus Ave,"{'latitude': 40.77697, 'longitude': -73.97933}",106,4.0,10023
6eqrk1wCQMww_ejze5gvsg,Forsythia,9 Stanton St,"{'latitude': 40.7225353, 'longitude': -73.992492}",132,4.5,10002
H5bhfR5sL0I2w1csjI1uMA,Piatto,1-50 50th Ave,"{'latitude': 40.7435117, 'longitude': -73.9590968}",234,4.0,11101
zwOAiVT4pAmpNGXzj-t5MA,Lilia,567 Union Ave,"{'latitude': 40.71757, 'longitude': -73.95236}",1114,4.0,11211
NAlOPUbFQVE0bUu8_wmBLQ,Rezdôra,27 E 20th St,"{'latitude': 40.73901, 'longitude': -73.9891}",572,4.0,10003
riykDqJw_NPGssLgqCeD-Q,Aunt Jake's,1555 2nd Ave,"{'latitude': 40.774587, 'longitude': -73.954513}",179,4.5,10028
faukkggAc_tuJ4THYlf4fg,La Masseria,235 W 48th St,"{'latitude': 40.760868632784, 'longitude': -73.986348802868}",691,4.0,10036
RXCCofQw1EjTcSN0ZeXfRA,Risotteria Melotti NYC,309 E 5th St,"{'latitude': 40.726673363853, 'longitude': -73.9880919456482}",374,4.5,10003
a4WZUTKn90dOkeY38JHNjQ,Aurora,70 Grand St,"{'latitude': 40.715621, 'longitude': -73.964757}",792,4.0,11249
hDj_0pbi4mFR5p1H1w6igw,Misirizzi,36 E 4th St,"{'latitude': 40.7272, 'longitude': -73.99228}",189,4.5,10003
DGhWO1sUWydVeR5j5ZZaMw,La Grande Boucherie,145 W 53rd St,"{'latitude': 40.7626274, 'longitude': -73.98084109999999}",2056,4.5,10019
9K0run3oObR0YT4jaOEvWg,L'Angeletto,327 2nd Ave,"{'latitude': 40.73541417, 'longitude': -73.982956}",83,4.5,10003
tRIHhPKryUZ56SfIz6mLiA,Angelo's Coal Oven Pizzeria,117 W 57th St,"{'latitude': 40.76492, 'longitude': -73.97794}",1125,4.0,10019
hSpZSqElyjHTfE4lQJ97Cg,Mareluna,137 Sullivan St,"{'latitude': 40.726787, 'longitude': -74.001836}",64,4.5,10012
B2X53VuOuLyXe0OsGY-ZzA,La Pecora Bianca,817 Washington St,"{'latitude': 40.73959, 'longitude': -74.00775}",36,4.5,10014
xKIv_b2L2pUHmsoJ-xOepg,Gran Morsi,22 Warren St,"{'latitude': 40.714312, 'longitude': -74.007791}",462,4.5,10007
hkooeEkd3oPsLD6JJrYpjA,Café Luce,235 E 53rd St,"{'latitude': 40.757323, 'longitude': -73.967928}",98,4.5,10022
C8Ctyq7pXOPESK8cz_X2CA,Pomodoro Rosso,229 Columbus Ave,"{'latitude': 40.776398, 'longitude': -73.979288}",379,4.0,10023
6Z5OWpaeGGazJHR4LfThsw,Palma,28 Cornelia St,"{'latitude': 40.73115, 'longitude': -74.00233}",826,4.0,10014
kr5fRwdHtVwPPwSJxm9Fkg,Il Posto Accanto,190 E 2nd St,"{'latitude': 40.72238, 'longitude': -73.98403}",299,4.0,10009
rZ9OFoSqy8u4WECfh--ylg,Marta,29 E 29th St,"{'latitude': 40.7445882, 'longitude': -73.9847936}",1000,4.0,10016
d15lwNLOlLSeaAYqPadntw,Sam's Place,132 E 39th St,"{'latitude': 40.749270880468, 'longitude': -73.977082744053}",292,4.0,10016
kMQ0IXs5mdjDeUvpWSHgRg,Il Mulino New York - Tribeca,361 Greenwich St,"{'latitude': 40.71904, 'longitude': -74.01016}",50,4.0,10013
lP4ynyBoeFPywLg78XkMmw,Cibo e Vino,2418 Broadway,"{'latitude': 40.79000179662657, 'longitude': -73.97485616653263}",398,4.0,10024
yi6jIxzHo-nbAOG4KWuqcw,Maialino,30 E 30th St,"{'latitude': 40.7448869, 'longitude': -73.984231}",1416,4.0,10016
RbiXVG4tzpC3zuILadyPIQ,La Pecora Bianca,359 Columbus Ave,"{'latitude': 40.78049101969648, 'longitude': -73.9763467}",31,4.0,10024
xsQTIeq-WLkp4ParkTQpMQ,PizzArte,69 W 55th St,"{'latitude': 40.7629335072372, 'longitude': -73.9776668697596}",1249,4.0,10019
FNxOWxts63oDRKwy9Pbfzw,Tarallucci E Vino - Nomad,44 E 28th St,"{'latitude': 40.74345604900017, 'longitude': -73.98470300895319}",196,4.0,10016
XQKUqU1vPvgnapxmmBI55Q,Maestro Pasta,102 MacDougal St,"{'latitude': 40.72934, 'longitude': -74.00093}",42,4.5,10012
FRp1NwIyp6tkDU986cJkXQ,Piccola Cucina Estiatorio,75 Thompson St,"{'latitude': 40.7246, 'longitude': -74.0029799}",243,4.5,10012
FKzpfWUpyupl4q74Jt8fTA,Don Antonio,309 W 50th St,"{'latitude': 40.762711, 'longitude': -73.986708}",1630,4.0,10019
MH08_pIRKsUSwfkVYxUE7w,Vinatería,2211 Frederick Douglass Blvd,"{'latitude': 40.80668, 'longitude': -73.95395}",599,4.0,10026
JBthOvTegHbrLDiVaCAy5Q,Bigoi Venezia,1415 2nd Ave,"{'latitude': 40.770036, 'longitude': -73.9577755}",334,4.5,10021
QObHX0yR6zd0WfksRDbJTA,Becco,355 W 46th St,"{'latitude': 40.76083, 'longitude': -73.98981}",3079,3.5,10036
twHJyFgUSd7wzioKQjE7Jw,Galli,45 Mercer St,"{'latitude': 40.72161, 'longitude': -74.00127}",1039,4.0,10013
EBK0OkVMBg_n_KxAU_4DZg,Double Zero,65 2nd Ave,"{'latitude': 40.7261288, 'longitude': -73.9896645}",609,4.5,10003
XHhRAKq6DArQXYhkgvwaow,Spaghetti Incident,231 Eldridge St,"{'latitude': 40.7223153441439, 'longitude': -73.9899454318763}",646,4.0,10002
EDucGBSfQ0YIbxdHS-KnCg,Sagaponack,4 W 22nd St,"{'latitude': 40.741019, 'longitude': -73.990692}",225,4.5,10010
IxwuIDcpRa7EpQs7V481Ww,Il Gattopardo,13-15 W 54th St,"{'latitude': 40.7614994602915, 'longitude': -73.976308999227}",225,4.0,10019
ry0nAQiUn8bpNAruY_5wfw,Scalino,659 Manhattan Ave,"{'latitude': 40.7244699, 'longitude': -73.95151}",298,4.5,11222
rJJiGJx3kfMAxtD7P7okHQ,Celeste Restaurant,502 Amsterdam Ave,"{'latitude': 40.78666, 'longitude': -73.97599}",964,3.5,10024
Fit_iIDn__NPVZpVlKFBFQ,Osteria 106,53 W 106 St,"{'latitude': 40.79894, 'longitude': -73.96174}",198,4.5,10025
MeUq9lombxM9alxs64tejQ,Pepolino Restaurant,281 W Broadway,"{'latitude': 40.720756, 'longitude': -74.004885}",617,4.0,10013
9T8Ootw4aqmaO42gI-wBSA,Botte UES,1606 1st Ave,"{'latitude': 40.775079766410514, 'longitude': -73.95047928303218}",94,4.0,10028
dh5r9-SbN8xJ76XvnayWLQ,Giano Restaurant,126 E 7th St,"{'latitude': 40.7262256596862, 'longitude': -73.9840574049125}",695,4.5,10009
qKfD10PsDKP_9B7O1_7oJQ,All'Antico Vinaio,729 8th Ave,"{'latitude': 40.7597, 'longitude': -73.98823}",214,4.5,10036
yc4vsT-Q4Ej1_9hr94DxkQ,Sotto 13,140 W 13th St,"{'latitude': 40.7372, 'longitude': -73.99919}",1032,4.0,10011
f_1BjTChf6bobreSRpqhsw,Arco Cafe,886 Amsterdam Ave,"{'latitude': 40.7988462, 'longitude': -73.967065}",340,4.5,10025
RG5atiZtuNtpDu6GrNUQGw,NORMA Gastronomia Siciliana,801 9th Ave,"{'latitude': 40.76563298237293, 'longitude': -73.98769143895947}",86,4.0,10019
JOvcJqD5eCFrGjFa6k7vpQ,Zia Maria - Chelsea,318 W 23rd St,"{'latitude': 40.7454863, 'longitude': -73.9993392}",306,4.0,10011
l7OsDvMOO3ji3fg0nT0QzA,Tony's Di Napoli,1081 3rd Ave,"{'latitude': 40.764385574147596, 'longitude': -73.96426247506157}",820,4.0,10065
kQuTJxm0KAX1AsS46vhC_g,Barbuto,113 Horatio St,"{'latitude': 40.73885, 'longitude': -74.00932}",80,4.0,10014
aJJlY5xvqS180wtRIHEWqA,Cotenna,21 Bedford St,"{'latitude': 40.72903, 'longitude': -74.00357}",459,4.0,10014
eMSTTuOUlKEnSOr8lPp3Xg,Ammazzacaffè,702 Grand St,"{'latitude': 40.7113172, 'longitude': -73.9446243}",282,4.5,11211
abZ-mEvF6Tj4hfyIg0lKwQ,Vite Vinosteria,31-05 34th St,"{'latitude': 40.7629734277725, 'longitude': -73.92119564116}",680,4.5,11106
lgFApPVpbXnsIFw1CRJORw,Cellini Restaurant,65 E 54th St,"{'latitude': 40.760115, 'longitude': -73.972686}",179,4.0,10022
a0IET3_yCFcO36OqGSsisg,Eataly NYC Flatiron,200 5th Ave,"{'latitude': 40.74200824886595, 'longitude': -73.98993910744127}",6036,4.0,10010
-hUvO0C0A-pGZdiSKvjoFw,Babbo,110 Waverly Pl,"{'latitude': 40.732283, 'longitude': -73.999284}",2588,4.0,10011
f8ipr8Wdy1_wHhw7JgNqPQ,Da Claudio,21 Ann St,"{'latitude': 40.71087, 'longitude': -74.00753}",606,4.5,10038
ifIfq2EwEohCgoKnG68_LA,Villa Berulia,107 E 34th St,"{'latitude': 40.7467827, 'longitude': -73.9806507}",192,4.5,10016
ZamvzoxEKiJEboO0ZUdogw,Amici Ristorante,165 Mulberry St,"{'latitude': 40.71981, 'longitude': -73.99722}",175,4.5,10013
ZVa3-O6LMxZXSpKG0J1h-w,Piccolo Angolo Restaurant,621 Hudson St,"{'latitude': 40.7378601855952, 'longitude': -74.0058052539825}",603,4.0,10014
3FJjOq78eeqakDCsJHqJug,Sotto La Luna,34-39 31st St,"{'latitude': 40.75821891908545, 'longitude': -73.92818819919232}",65,4.5,11106
T5dgMOv1iNY-z2ibeFQZgA,Il Monello,337 East 49th St,"{'latitude': 40.753779846700596, 'longitude': -73.9674672}",6,5.0,10017
cl97uG2_QtiMBah-_s9w7g,Il Divo,1347 2nd Ave At E 71st St,"{'latitude': 40.76816, 'longitude': -73.959204}",100,4.5,10021
CfYxlqO3W3PCE7hVhYJNyA,Il Gradino,808 Lexington Ave,"{'latitude': 40.76436, 'longitude': -73.96681}",19,4.0,10065
1ZKbUeFAs0ltSnAYq4ELKw,Trattoria L'incontro,21-76 31st St,"{'latitude': 40.77648209257472, 'longitude': -73.91059675544598}",1091,4.5,11105
NlmP5x_Ykznd55Dc85ChUg,Nittis,523 9th Ave,"{'latitude': 40.7567, 'longitude': -73.99411}",305,4.5,10018
CFR-HzVHKWRMpMAR3LAhzg,Montesacro Pinseria Brooklyn,432 Union Ave,"{'latitude': 40.71338, 'longitude': -73.95136}",224,4.5,11211
fuS39acPaRi38DhSSwEI4Q,Felice 15 Gold,15 Gold St,"{'latitude': 40.70789, 'longitude': -74.00712}",440,4.0,10038
WYhRkUATHRyXZrE55MArbA,Scalini Fedeli,165 Duane St,"{'latitude': 40.71741473500126, 'longitude': -74.00943235989747}",350,4.5,10013
E48WbksxAk19a8vjJRVIVQ,Ramerino Italian Prime,16 E 39th St,"{'latitude': 40.75107, 'longitude': -73.98135}",37,5.0,10016
eWMuXtaBzf0H5u0Vf_zpjw,Ciccio,190 6th Ave,"{'latitude': 40.7263263267119, 'longitude': -74.0034471165676}",307,4.5,10013
OwDRIugcA4LkUuTRqpJsog,Naked Dog,47 Java St,"{'latitude': 40.7312720665479, 'longitude': -73.9593493647979}",272,4.5,11222
nBy8KtcUHktPFKw-VClG1A,La Pecora Bianca,950 2nd Ave,"{'latitude': 40.75495, 'longitude': -73.9682718}",375,4.0,10022
nSk_zCJESMKGLHyJTPPlZA,Bottino,246 10th Ave,"{'latitude': 40.74848569625031, 'longitude': -74.00331301292165}",387,4.0,10001
-Gc5sTFxoXM3Tiv_dkSJZg,Cecconi's Dumbo,55 Water St,"{'latitude': 40.7033063330116, 'longitude': -73.9916549604523}",1015,3.5,11201
5Akss-swwfyoSVeIsDBbvw,Basta Pasta,37 W 17th St,"{'latitude': 40.73881, 'longitude': -73.99407}",1509,4.0,10011
MTQpqHo-cCAPK7c9fd6zHw,Il Mattone,49 Beach St,"{'latitude': 40.720799, 'longitude': -74.0091255}",108,4.5,10013
9iC39Z1YjZKbrrCANgzBXg,Sergimmo Salumeria,456 9th Ave,"{'latitude': 40.754296, 'longitude': -73.995498}",719,4.0,10018
gyWc5qJRvu26LVQIShdR4Q,Babbalucci,331 Lenox Ave,"{'latitude': 40.80894, 'longitude': -73.94496}",465,4.0,10027
d5ya04K-2A_hI3Xzqe1HeA,Caffe Buon Gusto,236 E 77th St,"{'latitude': 40.77249, 'longitude': -73.95713}",663,4.0,10075
b6jOwyX4iaagw8YjXqq1sA,Antonio's Trattoria,2370 Belmont Ave,"{'latitude': 40.854131, 'longitude': -73.886601}",1009,4.5,10458
oUVX94JtKyLPXozC2hemCg,Manetta's Ristorante,1076 Jackson Ave,"{'latitude': 40.7427, 'longitude': -73.95184}",446,4.0,11101
zDujEq9qZk13nBcG2PH4tA,Il Falco,21-50 44th Dr,"{'latitude': 40.7476595714373, 'longitude': -73.9455319123659}",342,4.5,11101
HodL0fXoF08C3Ir-kLeTtw,Forma Pasta Factory,14 Bedford Ave,"{'latitude': 40.72371, 'longitude': -73.95157}",512,4.5,11222
h4VCnZ2aZ33mdenS_ZI7jQ,Mama Mia 44 SW,621 9th Ave,"{'latitude': 40.759761, 'longitude': -73.992065}",822,4.0,10036
o5mMVFk4Hcpk2FuKfgTgdg,Malaparte,753 Washington St,"{'latitude': 40.73687, 'longitude': -74.00812}",394,4.0,10014
vZ5-JXlJS75k8wmPNS5U5w,Max Soha Restaurant,1274 Amsterdam Ave,"{'latitude': 40.811324216443104, 'longitude': -73.9581736}",432,4.0,10027
IOHaEgK1zDvUvB3SfKuGCw,Parker & Quinn,64 W 39th St,"{'latitude': 40.752586217581296, 'longitude': -73.9850713153442}",1593,4.0,10018
C3E8CVVwzKtOv_sRR1WuRQ,Salumeria Rosi,283 Amsterdam Ave,"{'latitude': 40.77932, 'longitude': -73.9809}",560,4.0,10023
r2nIYBSyXny1-7XvsL2PVg,Lena's Italian Kitchen,551 2nd Ave,"{'latitude': 40.742664, 'longitude': -73.977783}",324,4.5,10016
iXV4FMZPru7BB_nwN_8mVw,Maiella,4610 Center Blvd,"{'latitude': 40.7471944, 'longitude': -73.9566640197964}",1094,4.0,11109
5k_jwjhdFMPUNWhouGNzuA,Misi,329 Kent Ave,"{'latitude': 40.71341, 'longitude': -73.96662}",567,4.0,11249
YKLvheNuhQ3083AEgx0V2Q,Casa Soglia,365 Park Ave S,"{'latitude': 40.74215, 'longitude': -73.98472}",2,5.0,10016
zjglOaCY8xQu3s2eKnLFzw,Mozzarella & Vino,33 W 54th St,"{'latitude': 40.76204, 'longitude': -73.97718}",265,4.0,10019
vbGqzhH_exG5HOG1I23kvg,Park Side Restaurant,107-01 Corona Ave,"{'latitude': 40.743843, 'longitude': -73.856118}",880,4.0,11368
J9xVQScnr0lYWl61_mLXMA,Lido,2168 Frederick Douglass Blvd,"{'latitude': 40.8049797781916, 'longitude': -73.9548260014624}",1164,4.0,10026
rpVX-o82EEOX8ZDnM28a_Q,Bistango,145 E 50th St,"{'latitude': 40.75628, 'longitude': -73.97144}",344,4.0,10022
0Tvwk0hvgaY0QVIsZGTZKQ,Antica Ristorante,8 Stone St,"{'latitude': 40.7039355145338, 'longitude': -74.0121731758117}",543,4.5,10004
tJxAlyeT5PRbUIyJ2wsv-A,Bamonte's,32 Withers St,"{'latitude': 40.71666591260819, 'longitude': -73.95125357171182}",420,4.0,11211
gAMETn5mltwjn2QLt6bWjw,Isabella,110 St Marks Pl,"{'latitude': 40.726966, 'longitude': -73.984334}",14,5.0,10009
FQ_9HzcX6_vLFnNIJ30jiA,Sant Ambroeus Brookfield,200 Vesey St,"{'latitude': 40.713713, 'longitude': -74.014797}",77,4.0,10281
cyLw0vW5MrsF35-A6Dy03w,Saggio,829 W 181st St,"{'latitude': 40.8514099281625, 'longitude': -73.9395604556239}",676,4.0,10033
JyXn_GCGM2DsNYIzgzQrDw,Da Gennaro,129 Mulberry St,"{'latitude': 40.71832, 'longitude': -73.99794}",1243,4.0,10013
t-Pm38_XhMnGfOYgkhaNRA,Le Fanfare,1103 Manhattan Ave,"{'latitude': 40.736202, 'longitude': -73.955558}",227,4.0,11222
7ZecxKox2SiVtsNDWphJZQ,Limani,45 Rockerfeller Plz,"{'latitude': 40.7593809598193, 'longitude': -73.9778140767212}",510,4.0,10111
Ei5qjq0qmfNLkdVoO-S5Tw,Raffetto's,144 W Houston St,"{'latitude': 40.72816, 'longitude': -74.00172}",249,4.5,10012
M4pCWzdBCkp2g_d834a7Hw,Sauce,78 Rivington St,"{'latitude': 40.7204716, 'longitude': -73.9893263}",920,4.0,10002
hVqZ4vihjL1gFTD-KdX-Tw,Gennaro,665 Amsterdam Ave,"{'latitude': 40.79178, 'longitude': -73.9718}",422,3.5,10025
78TCGIG1eHMYdyvMpFdDbQ,Follia,179 3rd Ave,"{'latitude': 40.7349243164062, 'longitude': -73.9855880737305}",275,4.0,10003
WmK7GXwOnLSTRN1ocyUThg,Puglia Ristorante,189 Hester St,"{'latitude': 40.7181606872639, 'longitude': -73.9976975651144}",618,4.0,10013
Rc1lxc5lSKJYd162JHNMfQ,Bea,403 W 43rd St,"{'latitude': 40.7591968, 'longitude': -73.9923361}",2809,4.0,10036
-Td-YEPTOUq2H3LRWgRxUw,Non Solo Piada,302 W 37th St,"{'latitude': 40.75414, 'longitude': -73.99245}",407,4.5,10018
hyBM_Xk9Hzp38acTHAHlBQ,dell'anima,600 11th Ave,"{'latitude': 40.7661790467228, 'longitude': -73.99445587334046}",683,4.0,10036
o2SAcKbfOMkA71xUfyee6Q,Rossini's,108 E 38th St,"{'latitude': 40.74921, 'longitude': -73.97883}",260,4.0,10016
VmgvCsAP6vZ3DL1mw8ugWQ,Osteria Del Porto,212 Front St,"{'latitude': 40.70737443140159, 'longitude': -74.00270427364536}",53,4.5,10038
qYDoWRdntIApGW6fEUHWIQ,biricchino,260 W 29th St,"{'latitude': 40.7488743961, 'longitude': -73.9954839431414}",164,4.0,10001
bW3mY-voyav37nU0uaLmNQ,Dante,79-81 Macdougal St,"{'latitude': 40.72879, 'longitude': -74.00165}",588,4.0,10012
5pRxCYQppSq0czjFDN9X3Q,Campagnola Restaurant,1382 1st Ave,"{'latitude': 40.768817, 'longitude': -73.954833}",315,4.0,10021
Z67mgMkN3RfdPEX5mXsyYA,Piacere,351 Broome St,"{'latitude': 40.7196979, 'longitude': -73.9951175}",711,4.0,10013
vFsjObMTImsnM_DzVo4N3g,Bocca Cucina and Bar,39 E 19th St,"{'latitude': 40.73826, 'longitude': -73.98886}",442,4.0,10003
bEXTA_Gwo2oVg4gnFd9fNA,Ai Fiori,400 5th Ave,"{'latitude': 40.7500752, 'longitude': -73.9837835}",1452,4.0,10018
XfOa_KyrV7JSFJMOKckGMg,Monte's Trattoria,97 Macdougal St,"{'latitude': 40.72959, 'longitude': -74.0011}",420,4.0,10012
KXhxtA_JDkCrujeyXvqsgQ,Canto,117 Perry St,"{'latitude': 40.73512, 'longitude': -74.00671}",122,4.0,10014
LTi4_wcCVmqQeJ_jgTEbOQ,Emporio,231 Mott St,"{'latitude': 40.722647, 'longitude': -73.995246}",863,4.0,10012
vRrVSB-LegwUwIxpkeRVtQ,Le Bernardin,155 W 51st St,"{'latitude': 40.761557, 'longitude': -73.981763}",2829,4.5,10019
JYNBy2r3LVhJbLHE1bASfg,The Smith,1900 Broadway,"{'latitude': 40.7716201269986, 'longitude': -73.9818377981476}",2038,4.0,10023
PYnN8fN8o0toVdLXl6z69A,Zillions Pizza,360 W 42nd St,"{'latitude': 40.758132, 'longitude': -73.99236}",4,4.5,10036
LfRiA6RORToZUSJUHkZBVA,Frankies 457 Spuntino,457 Court St,"{'latitude': 40.677328, 'longitude': -73.997972}",884,4.0,11231
